customer_id,customer_name,locality
CUST001,Customer_1,West
CUST002,Customer_2,North
CUST003,Customer_3,South
CUST004,Customer_4,South
CUST005,Customer_5,West
CUST006,Customer_6,West
CUST007,Customer_7,Central
CUST008,Customer_8,North
CUST009,Customer_9,East
CUST010,Customer_10,North
CUST011,Customer_11,South
CUST012,Customer_12,East
CUST013,Customer_13,North
CUST014,Customer_14,North
CUST015,Customer_15,West
CUST016,Customer_16,East
CUST017,Customer_17,South
CUST018,Customer_18,East
CUST019,Customer_19,Central
CUST020,Customer_20,North
